AtomicNumber,alpha_au
1,4.50711
2,1.38375
3,164.1125
6,11.3
8,5.3
11,162.7
17,14.6
26,56.7
